{
  "welcomeFile": "/index.html",
  "authenticationMethod": "route",
  "routes": [
      {
        "source": "/catalog/(.*)",
        "destination": "hana-app-api",
        "csrfProtection": true,
        "authenticationType": "xsuaa"
    },
    {
      "source": "^/(.*)$",
      "target": "$1",
      "destination": "srv-api",
      "csrfProtection": true,
      "authenticationType": "xsuaa"
  },
  {
    "source": "^/app/(.*)$",
    "target": "$1",
    "localDir": ".",
    "cacheControl": "no-cache, no-store, must-revalidate",
    "authenticationType": "xsuaa"
},
    {
      "source": "^/resources/(.*)$",
      "target": "/resources/$1",
      "authenticationType": "none",
      "destination": "ui5"
    },
    {
      "source": "^/test-resources/(.*)$",
      "target": "/test-resources/$1",
      "authenticationType": "none",
      "destination": "ui5"
    },
    {
      "source": "^(.*)$",
      "target": "$1",
      "service": "html5-apps-repo-rt",
      "authenticationType": "xsuaa"
    }
  ]
}
